,number,weight
worm,214513759,53628.43999999999
fish,506040,126510.0
mushroom,9444166,1416625.0
small veg,61644760,8630266.400000004
big veg,96455000,1446825.0
