,number,weight
worm,213520279,53380.069999999985
fish,506040,126510.0
mushroom,11853333,1778000.0
small veg,61599313,8623903.900000004
big veg,96030833,1440462.5
