,size,system,produce,produce2,yield,yield2
V0,916,UF4,small veg,,91508.40000000001,
V1,833,UF4,small veg,,83216.70000000001,
V2,831,UF4,small veg,,83016.90000000001,
V3,668,UF6,small veg,big veg,8350.0,1803.6000000000001
V4,625,UF6,small veg,big veg,7812.5,1687.5
